timestamps,acc_x,acc_y,acc_z,aAcc,aStages,aJerk,aVelocity,avStages,aHeight,accelerations_direction,velocities_direction,heights_direction,jerk_direction,start_jerks,start_accelerations,start_velocities,start_heights,actual_timestamps
0.0,,,,0.0,,0.0,0.0,,0.0,up,down,down,0.0,-0.0075625972233428,-1.0299509595265093,-1.4911253184786195,-1.1935436921830926,5.734
0.016000000000000014,,,,0.0,,0.0286084394900409,0.016476521484614315,,0.023989817267534796,up,down,down,0.0,-0.0075625972233428,-1.0299509595265093,-1.4911253184786195,-1.1935436921830926,5.75
0.030999999999999694,,,,0.0,,0.0276967349163681,0.03191846978487711,,0.04671965947923473,up,down,down,-1.0,-0.0075625972233428,-1.0299509595265093,-1.4911253184786195,-1.1935436921830926,5.765
0.04699999999999971,,,,0.0,,0.0405906853313541,0.04838323761335683,,0.07122007823407861,up,down,down,1.0,-0.0075625972233428,-1.0299509595265093,-1.4911253184786195,-1.1935436921830926,5.781
0.06200000000000028,,,,0.0,,0.138060835424309,0.06380031303018652,,0.09442833464108547,up,down,down,-1.0,-0.0075625972233428,-1.0299509595265093,-1.4911253184786195,-1.1935436921830926,5.796
0.07800000000000029,,,,0.0,,0.1297049633782741,0.08021389946335233,,0.11943845343669168,up,down,down,-1.0,-0.0075625972233428,-1.0299509595265093,-1.4911253184786195,-1.1935436921830926,5.812
0.0940000000000003,,,,0.0,,0.07921535775667879,0.09660268012030215,,0.14471099116901875,up,down,down,1.0,-0.0075625972233428,-1.0299509595265093,-1.4911253184786195,-1.1935436921830926,5.828
0.10899999999999999,,,,0.0,,0.1959986532854676,0.11193736459862125,,0.16864192128158928,up,down,down,1.0,-0.0075625972233428,-1.0299509595265093,-1.4911253184786195,-1.1935436921830926,5.843
0.125,,,,0.01360754035252043,,0.2922881572340327,0.1282353041770865,,0.19442130772745303,up,down,down,1.0,-0.0075625972233428,-1.0299509595265093,-1.4911253184786195,-1.1935436921830926,5.859
0.14100000000000001,,,,0.018144693135795364,,0.29113464617802587,0.14446050166160407,,0.2204608792698204,up,down,down,1.0,-0.0075625972233428,-1.0299509595265093,-1.4911253184786195,-1.1935436921830926,5.875
0.1559999999999997,,,,0.022814830385128104,,0.3189050805121987,0.1596025696280945,,0.24510823208167198,up,down,down,1.0,-0.0075625972233428,-1.0299509595265093,-1.4911253184786195,-1.1935436921830926,5.89
0.1719999999999997,,,,0.02806214345668323,,0.3355196641955379,0.1756747691897842,,0.2716484558878729,up,down,down,-1.0,-0.0075625972233428,-1.0299509595265093,-1.4911253184786195,-1.1935436921830926,5.906
0.18700000000000028,,,,0.03313648052704643,,0.3458517352475432,0.1906650439028046,,0.29676288426324726,up,down,down,-1.0,-0.0075625972233428,-1.0299509595265093,-1.4911253184786195,-1.1935436921830926,5.921
0.2030000000000003,,,,0.037928388346623265,,0.3070568359468947,0.2065757403042392,,0.32379881563256174,up,down,down,-1.0,-0.0075625972233428,-1.0299509595265093,-1.4911253184786195,-1.1935436921830926,5.937
0.2190000000000003,,,,0.046248420220319275,,0.527564589329343,0.22238154118812758,,0.3510884789801587,up,down,down,1.0,-0.0075625972233428,-1.0299509595265093,-1.4911253184786195,-1.1935436921830926,5.953
0.23399999999999999,,,,0.05436549292654469,,0.548700777638382,0.23707620123242368,,0.3769012918254917,up,down,down,1.0,-0.0075625972233428,-1.0299509595265093,-1.4911253184786195,-1.1935436921830926,5.968
0.25,,,,0.061970990707889695,,0.4829062085573982,0.25262472471577246,,0.40467690432873527,up,down,down,1.0,-0.0075625972233428,-1.0299509595265093,-1.4911253184786195,-1.1935436921830926,5.984
0.266,,,,0.07153076011633708,,0.6050481852513107,0.268035926061603,,0.43270019463061216,up,down,down,1.0,-0.0075625972233428,-1.0299509595265093,-1.4911253184786195,-1.1935436921830926,6.0
0.2809999999999997,,,,0.08110919380251691,,0.6461248429686712,0.282340390800109,,0.45919489678425385,up,down,down,1.0,-0.0075625972233428,-1.0299509595265093,-1.4911253184786195,-1.1935436921830926,6.015
0.2969999999999997,,,,0.09039463757266131,,0.5879028328573671,0.29744757550153156,,0.48769120561032464,up,down,down,1.0,-0.0075625972233428,-1.0299509595265093,-1.4911253184786195,-1.1935436921830926,6.031
0.3120000000000003,,,,0.10191615810033205,,0.7756639657347043,0.3114545089268821,,0.5146248510207181,up,down,down,1.0,-0.0075625972233428,-1.0299509595265093,-1.4911253184786195,-1.1935436921830926,6.046
0.3280000000000003,,,,0.1143578024223757,,0.7851653673510699,0.3262035325951249,,0.5435841204485521,up,down,down,1.0,-0.0075625972233428,-1.0299509595265093,-1.4911253184786195,-1.1935436921830926,6.062
0.3440000000000003,,,,0.12655768429735847,,0.7700552144097588,0.3407554240537909,,0.5727777971974013,up,down,down,1.0,-0.0075625972233428,-1.0299509595265093,-1.4911253184786195,-1.1935436921830926,6.078
0.359,,,,0.13852382839762534,,0.805305537241158,0.354216577101476,,0.6003569669832445,up,down,down,-1.0,-0.0075625972233428,-1.0299509595265093,-1.4911253184786195,-1.1935436921830926,6.093
0.375,,,,0.1523460496754545,,0.8714514270876653,0.3683688334293156,,0.6299956553631485,up,down,down,-1.0,-0.0075625972233428,-1.0299509595265093,-1.4911253184786195,-1.1935436921830926,6.109
0.391,,,,0.16579065100583001,,0.8478501803718111,0.38230295517628954,,0.6598590347676514,up,down,down,-1.0,-0.0075625972233428,-1.0299509595265093,-1.4911253184786195,-1.1935436921830926,6.125
0.4059999999999997,,,,0.178907335230587,,0.8820082122071602,0.3951669846724133,,0.6880569390936953,up,down,down,-1.0,-0.0075625972233428,-1.0299509595265093,-1.4911253184786195,-1.1935436921830926,6.14
0.4219999999999997,,,,0.1932213928510933,,0.9021911985049861,0.40866917020018456,,0.7183456334283342,up,down,down,-1.0,-0.0075625972233428,-1.0299509595265093,-1.4911253184786195,-1.1935436921830926,6.156
0.4370000000000003,,,,0.20718632711500184,,0.9385582148172107,0.4211153766933369,,0.7469358973072158,up,down,down,-1.0,-0.0075625972233428,-1.0299509595265093,-1.4911253184786195,-1.1935436921830926,6.171
0.4530000000000003,,,,0.22272666629277005,,0.9788337958338547,0.4341552880984989,,0.7776360677212084,up,down,down,-1.0,-0.0075625972233428,-1.0299509595265093,-1.4911253184786195,-1.1935436921830926,6.187
0.4690000000000003,,,,0.23782533348093615,,0.9512292964837235,0.44695008745273346,,0.8085429158212762,up,down,down,1.0,-0.0075625972233428,-1.0299509595265093,-1.4911253184786195,-1.1935436921830926,6.203
0.484,,,,0.2541161170543287,,1.0936148354495348,0.45870979096661646,,0.8377022446866,up,down,down,1.0,-0.0075625972233428,-1.0299509595265093,-1.4911253184786195,-1.1935436921830926,6.218
0.5,,,,0.26869884322791826,,0.9189829830726907,0.4710064866367829,,0.8689979800030851,up,down,down,1.0,-0.0075625972233428,-1.0299509595265093,-1.4911253184786195,-1.1935436921830926,6.234
0.516,,,,0.2829041353550501,,0.8953933551690821,0.4830728781605429,,0.9004886200171218,up,down,down,-1.0,-0.0075625972233428,-1.0299509595265093,-1.4911253184786195,-1.1935436921830926,6.25
0.5309999999999997,,,,0.2975487599903701,,0.9838709062446979,0.49416874583834924,,0.9301848119742924,up,down,down,-1.0,-0.0075625972233428,-1.0299509595265093,-1.4911253184786195,-1.1935436921830926,6.265
0.5469999999999997,,,,0.3123916681169181,,0.9352443551325909,0.5057684377659097,,0.9620423145387842,up,down,down,-1.0,-0.0075625972233428,-1.0299509595265093,-1.4911253184786195,-1.1935436921830926,6.281
0.5620000000000003,,,,0.32681411924733617,,0.9690593392511776,0.5164236587535747,,0.992075635039861,up,down,down,-1.0,-0.0075625972233428,-1.0299509595265093,-1.4911253184786195,-1.1935436921830926,6.296
0.5780000000000003,,,,0.3432159808015136,,1.032678944359432,0.5275426333056086,,1.0242853704719925,up,down,down,1.0,-0.0075625972233428,-1.0299509595265093,-1.4911253184786195,-1.1935436921830926,6.312
0.5940000000000003,,,,0.3564071069270849,,0.8320079800715466,0.5384248639562037,,1.056671115545745,up,down,down,-1.0,-0.0075625972233428,-1.0299509595265093,-1.4911253184786195,-1.1935436921830926,6.328
0.609,,,,0.36927649826910525,,0.8655220200247188,0.5484315013101295,,1.087189418062421,up,down,down,-1.0,-0.0075625972233428,-1.0299509595265093,-1.4911253184786195,-1.1935436921830926,6.343
0.625,,,,0.3818609215665614,,0.7940890533143501,0.5589016173038683,,1.1199060881069909,up,down,down,-1.0,-0.0075625972233428,-1.0299509595265093,-1.4911253184786195,-1.1935436921830926,6.359
0.641,,,,0.3971833531154658,,0.96521456902987,0.5691484784588365,,1.1527884939687505,up,down,down,-1.0,-0.0075625972233428,-1.0299509595265093,-1.4911253184786195,-1.1935436921830926,6.375
0.6559999999999997,,,,0.41219735086470344,,1.008495780505872,0.5785273875718822,,1.1837629427411596,up,down,down,1.0,-0.0075625972233428,-1.0299509595265093,-1.4911253184786195,-1.1935436921830926,6.39
0.6719999999999997,,,,0.4269064698425531,,0.9268825333389457,0.5882937723586485,,1.2169555171162618,up,down,down,1.0,-0.0075625972233428,-1.0299509595265093,-1.4911253184786195,-1.1935436921830926,6.406
0.6870000000000003,,,,0.4407182720579925,,0.9283494115859364,0.5972358511872919,,1.2482138690700366,up,down,down,1.0,-0.0075625972233428,-1.0299509595265093,-1.4911253184786195,-1.1935436921830926,6.421
0.7030000000000003,,,,0.45579306743203496,,0.9497373081009944,0.6065429758237959,,1.2817021047817834,up,down,down,1.0,-0.0075625972233428,-1.0299509595265093,-1.4911253184786195,-1.1935436921830926,6.437
0.7190000000000003,,,,0.4705491966883848,,0.9298206757452069,0.6156114530632568,,1.3153373453085377,up,down,down,1.0,-0.0075625972233428,-1.0299509595265093,-1.4911253184786195,-1.1935436921830926,6.453
0.734,,,,0.4850286653425222,,0.9728605074991904,0.6238938834909227,,1.3470005151098725,up,down,down,1.0,-0.0075625972233428,-1.0299509595265093,-1.4911253184786195,-1.1935436921830926,6.468
0.75,,,,0.49946516806294383,,0.9098440172496939,0.632497148176103,,1.3809096484588665,up,down,down,-1.0,-0.0075625972233428,-1.0299509595265093,-1.4911253184786195,-1.1935436921830926,6.484
0.766,,,,0.5126228766961152,,0.8299193867965508,0.6408796591704549,,1.414954668013297,up,down,down,-1.0,-0.0075625972233428,-1.0299509595265093,-1.4911253184786195,-1.1935436921830926,6.5
0.7809999999999997,,,,0.5254298961098378,,0.8613638914715372,0.6485435277673075,,1.4469922216925086,up,down,down,-1.0,-0.0075625972233428,-1.0299509595265093,-1.4911253184786195,-1.1935436921830926,6.515
0.7969999999999997,,,,0.5376369160993537,,0.7705013465680859,0.6565182086220582,,1.4812907206792816,up,down,down,1.0,-0.0075625972233428,-1.0299509595265093,-1.4911253184786195,-1.1935436921830926,6.531
0.8120000000000003,,,,0.549978148684902,,0.8303114362598658,0.6638103600290741,,1.5135600647213456,up,down,down,1.0,-0.0075625972233428,-1.0299509595265093,-1.4911253184786195,-1.1935436921830926,6.546
0.8280000000000003,,,,0.5619884697458755,,0.7582076635341821,0.6713938424340526,,1.5480997034367086,up,down,down,1.0,-0.0075625972233428,-1.0299509595265093,-1.4911253184786195,-1.1935436921830926,6.562
0.8440000000000003,,,,0.5742215953315437,,0.7721329463276076,0.6787833772658571,,1.5827591262899658,up,down,down,1.0,-0.0075625972233428,-1.0299509595265093,-1.4911253184786195,-1.1935436921830926,6.578
0.859,,,,0.5858806089525785,,0.7848301719590148,0.6855318751266235,,1.615358370460088,up,down,down,1.0,-0.0075625972233428,-1.0299509595265093,-1.4911253184786195,-1.1935436921830926,6.593
0.875,,,,0.5972828974357949,,0.7202056274243633,0.6925457824279408,,1.650240996816183,up,down,down,1.0,-0.0075625972233428,-1.0299509595265093,-1.4911253184786195,-1.1935436921830926,6.609
0.891,,,,0.6068702567135347,,0.6067725520820794,0.6993917725471703,,1.6852345023516415,up,down,down,-1.0,-0.0075625972233428,-1.0299509595265093,-1.4911253184786195,-1.1935436921830926,6.625
0.9059999999999997,,,,0.6180763652091148,,0.7546364969287004,0.7056539372756483,,1.7181392249524912,up,down,down,-1.0,-0.0075625972233428,-1.0299509595265093,-1.4911253184786195,-1.1935436921830926,6.64
0.9219999999999997,,,,0.627778931672843,,0.6139730012063577,0.7121663102530167,,1.7533397920283784,up,down,down,-1.0,-0.0075625972233428,-1.0299509595265093,-1.4911253184786195,-1.1935436921830926,6.656
0.9370000000000003,,,,0.637231166822561,,0.6377116072045147,0.7181279989071985,,1.7864338791242607,up,down,down,-1.0,-0.0075625972233428,-1.0299509595265093,-1.4911253184786195,-1.1935436921830926,6.671
0.9530000000000003,,,,0.6469013194898174,,0.611947138926871,0.7243341543691237,,1.821831581446129,up,down,down,-1.0,-0.0075625972233428,-1.0299509595265093,-1.4911253184786195,-1.1935436921830926,6.687
0.9690000000000003,,,,0.6560113029801844,,0.5769365653712771,0.7303900687417879,,1.8573273803266743,up,down,down,1.0,-0.0075625972233428,-1.0299509595265093,-1.4911253184786195,-1.1935436921830926,6.703
0.984,,,,0.6650332291801178,,0.6090243438855797,0.7359314991434831,,1.8906916718629923,up,down,down,1.0,-0.0075625972233428,-1.0299509595265093,-1.4911253184786195,-1.1935436921830926,6.718
1.0,,,,0.6749797152883517,,0.629217978987961,0.7416906109401593,,1.9263706538393195,up,down,down,-1.0,-0.0075625972233428,-1.0299509595265093,-1.4911253184786195,-1.1935436921830926,6.734
1.016,,,,0.6833721940585065,,0.532092520358018,0.7473030110178083,,1.9621406079106412,up,down,down,-1.0,-0.0075625972233428,-1.0299509595265093,-1.4911253184786195,-1.1935436921830926,6.75
1.0309999999999997,,,,0.6915222611162637,,0.5509004010738362,0.7524405669968954,,1.9957555645229301,up,down,down,-1.0,-0.0075625972233428,-1.0299509595265093,-1.4911253184786195,-1.1935436921830926,6.765
1.0469999999999997,,,,0.7005779669548016,,0.5735442121319595,0.7577829805247507,,2.0316953579987613,up,down,down,1.0,-0.0075625972233428,-1.0299509595265093,-1.4911253184786195,-1.1935436921830926,6.781
1.0620000000000003,,,,0.7084849952496253,,0.5346978168782365,0.7626642727011157,,2.0654655921751357,up,down,down,1.0,-0.0075625972233428,-1.0299509595265093,-1.4911253184786195,-1.1935436921830926,6.796
1.0780000000000003,,,,0.7163448626218081,,0.4988043079847676,0.7677448491905683,,2.1015668702459274,up,down,down,1.0,-0.0075625972233428,-1.0299509595265093,-1.4911253184786195,-1.1935436921830926,6.812
1.0940000000000003,,,,0.7240802136509537,,0.49102203654494087,0.7727006639328102,,2.137748439446572,up,down,down,1.0,-0.0075625972233428,-1.0299509595265093,-1.4911253184786195,-1.1935436921830926,6.828
1.109,,,,0.7318674936497764,,0.5267145971448728,0.7772303205209525,,2.1717398016071536,up,down,down,1.0,-0.0075625972233428,-1.0299509595265093,-1.4911253184786195,-1.1935436921830926,6.843
1.125,,,,0.7394648399900916,,0.4823967434930404,0.7819388772042573,,2.208071160284613,up,down,down,1.0,-0.0075625972233428,-1.0299509595265093,-1.4911253184786195,-1.1935436921830926,6.859
1.141,,,,0.7466608448687477,,0.4573129021393503,0.7865290870778108,,2.2444769090945274,up,down,down,1.0,-0.0075625972233428,-1.0299509595265093,-1.4911253184786195,-1.1935436921830926,6.875
1.1559999999999997,,,,0.7536615900096386,,0.47427893994941167,0.7907259332091205,,2.2786732015238575,up,down,down,1.0,-0.0075625972233428,-1.0299509595265093,-1.4911253184786195,-1.1935436921830926,6.89
1.1719999999999997,,,,0.7613267859935497,,0.4866373462177881,0.795085241553519,,2.315217696017617,up,down,down,-1.0,-0.0075625972233428,-1.0299509595265093,-1.4911253184786195,-1.1935436921830926,6.906
1.1870000000000003,,,,0.7683977054748361,,0.4789572293090818,0.7990615722604042,,2.349540676898402,up,down,down,-1.0,-0.0075625972233428,-1.0299509595265093,-1.4911253184786195,-1.1935436921830926,6.921
1.2030000000000003,,,,0.7752653755649135,,0.4367919778531788,0.8031914829645095,,2.3862167064358593,up,down,down,-1.0,-0.0075625972233428,-1.0299509595265093,-1.4911253184786195,-1.1935436921830926,6.937
1.2190000000000003,,,,0.7809439327475651,,0.3624724211390702,0.8072210238504336,,2.422958011586037,up,down,down,1.0,-0.0075625972233428,-1.0299509595265093,-1.4911253184786195,-1.1935436921830926,6.953
1.234,,,,0.7867464166942231,,0.3943948603338806,0.8109126106225182,,2.4574608936217626,up,down,down,-1.0,-0.0075625972233428,-1.0299509595265093,-1.4911253184786195,-1.1935436921830926,6.968
1.25,,,,0.7926902383815264,,0.3790514526798013,0.8147563327343363,,2.4943242502642753,up,down,down,1.0,-0.0075625972233428,-1.0299509595265093,-1.4911253184786195,-1.1935436921830926,6.984
1.266,,,,0.7981959933570995,,0.3516722831966575,0.8185084582328515,,2.5312483736876707,up,down,down,1.0,-0.0075625972233428,-1.0299509595265093,-1.4911253184786195,-1.1935436921830926,7.0
1.2809999999999997,,,,0.8047084076777153,,0.441723551931078,0.8219359396179879,,2.5659185864487304,up,down,down,1.0,-0.0075625972233428,-1.0299509595265093,-1.4911253184786195,-1.1935436921830926,7.015
1.2969999999999997,,,,0.8110619826246577,,0.4046610314072381,0.8254889918479933,,2.602955990996116,up,down,down,-1.0,-0.0075625972233428,-1.0299509595265093,-1.4911253184786195,-1.1935436921830926,7.031
1.3120000000000003,,,,0.8172443504189832,,0.4197204501783653,0.8287259587430642,,2.6377294829027296,up,down,down,-1.0,-0.0075625972233428,-1.0299509595265093,-1.4911253184786195,-1.1935436921830926,7.046
1.3280000000000003,,,,0.8220036238181301,,0.3050171846700197,0.8320911903015908,,2.6748740251907446,up,down,down,1.0,-0.0075625972233428,-1.0299509595265093,-1.4911253184786195,-1.1935436921830926,7.062
1.3440000000000003,,,,0.8276503823714396,,0.3604850068051886,0.8353731736044983,,2.7120717451976515,up,down,down,1.0,-0.0075625972233428,-1.0299509595265093,-1.4911253184786195,-1.1935436921830926,7.078
1.359,,,,0.833237548566121,,0.3800403435354413,0.838365778515364,,2.7469916671157284,up,down,down,1.0,-0.0075625972233428,-1.0299509595265093,-1.4911253184786195,-1.1935436921830926,7.093
1.375,,,,0.8376012702778013,,0.28029520420336207,0.8414782833170367,,2.7842884247060455,up,down,down,1.0,-0.0075625972233428,-1.0299509595265093,-1.4911253184786195,-1.1935436921830926,7.109
1.391,,,,0.8433079409206456,,0.3642295124011148,0.8445102249798733,,2.8216343378680784,up,down,down,-1.0,-0.0075625972233428,-1.0299509595265093,-1.4911253184786195,-1.1935436921830926,7.125
1.4059999999999997,,,,0.8483224497086024,,0.3418631830871318,0.8472722614430517,,2.8566895862934287,up,down,down,-1.0,-0.0075625972233428,-1.0299509595265093,-1.4911253184786195,-1.1935436921830926,7.14
1.4219999999999997,,,,0.8532433476737573,,0.315118720045526,0.8501389504164163,,2.8941268810839627,up,down,down,-1.0,-0.0075625972233428,-1.0299509595265093,-1.4911253184786195,-1.1935436921830926,7.156
1.4370000000000003,,,,0.8588136406948816,,0.3789154652982839,0.8527477873965499,,2.929265411394741,up,down,down,-1.0,-0.0075625972233428,-1.0299509595265093,-1.4911253184786195,-1.1935436921830926,7.171
1.4530000000000003,,,,0.8629295027308022,,0.26480397446837467,0.8554530576015684,,2.9667890232503837,up,down,down,1.0,-0.0075625972233428,-1.0299509595265093,-1.4911253184786195,-1.1935436921830926,7.187
1.4690000000000003,,,,0.8669312283648286,,0.257670449349989,0.8580933871052274,,3.004355399903696,up,down,down,1.0,-0.0075625972233428,-1.0299509595265093,-1.4911253184786195,-1.1935436921830926,7.203
1.484,,,,0.8700739981715593,,0.21708058433873278,0.8605151122991022,,3.0396118434264072,up,down,down,1.0,-0.0075625972233428,-1.0299509595265093,-1.4911253184786195,-1.1935436921830926,7.218
1.5,,,,0.8732405793565992,,0.2054739212883347,0.8630478110313009,,3.0772583519087084,up,down,down,1.0,-0.0075625972233428,-1.0299509595265093,-1.4911253184786195,-1.1935436921830926,7.234
1.516,,,,0.8763082158358255,,0.1992898771749904,0.8655306360221855,,3.1149449845807946,up,down,down,1.0,-0.0075625972233428,-1.0299509595265093,-1.4911253184786195,-1.1935436921830926,7.25
1.5309999999999997,,,,0.8791742189375729,,0.19862947067316938,0.8678137821542824,,3.150311947494296,up,down,down,1.0,-0.0075625972233428,-1.0299509595265093,-1.4911253184786195,-1.1935436921830926,7.265
1.5469999999999997,,,,0.8815657363978354,,0.15703243848974568,0.8702070778640232,,3.1880741194701003,up,down,down,1.0,-0.0075625972233428,-1.0299509595265093,-1.4911253184786195,-1.1935436921830926,7.281
1.5620000000000003,,,,0.8854525560705149,,0.2666839087353039,0.8724037050634086,,3.2235105801192367,up,down,down,1.0,-0.0075625972233428,-1.0299509595265093,-1.4911253184786195,-1.1935436921830926,7.296
1.5780000000000003,,,,0.8892563295406433,,0.245298439106367,0.8746852493309432,,3.2613452968500494,up,down,down,1.0,-0.0075625972233428,-1.0299509595265093,-1.4911253184786195,-1.1935436921830926,7.312
1.5940000000000003,,,,0.8940224753814991,,0.3054467122768353,0.8768982342439904,,3.2992159698143078,up,down,down,-1.0,-0.0075625972233428,-1.0299509595265093,-1.4911253184786195,-1.1935436921830926,7.328
1.609,,,,0.8974437603963371,,0.2356482648792043,0.878911501868554,,3.3347514226123294,up,down,down,-1.0,-0.0075625972233428,-1.0299509595265093,-1.4911253184786195,-1.1935436921830926,7.343
1.625,,,,0.9007591905761956,,0.21477698346450388,0.8810050936131979,,3.3726887604718416,up,down,down,-1.0,-0.0075625972233428,-1.0299509595265093,-1.4911253184786195,-1.1935436921830926,7.359
1.641,,,,0.903806447171366,,0.1980161344214968,0.8830477838636417,,3.410659188587314,up,down,down,-1.0,-0.0075625972233428,-1.0299509595265093,-1.4911253184786195,-1.1935436921830926,7.375
1.6559999999999997,,,,0.9068023694925422,,0.20729075196842578,0.88491748213156,,3.4462858078594567,up,down,down,-1.0,-0.0075625972233428,-1.0299509595265093,-1.4911253184786195,-1.1935436921830926,7.39
1.6719999999999997,,,,0.9096694466098737,,0.18675491705655278,0.8868649229551646,,3.484318072195808,up,down,down,1.0,-0.0075625972233428,-1.0299509595265093,-1.4911253184786195,-1.1935436921830926,7.406
1.6870000000000003,,,,0.9136985185419171,,0.2761673926928988,0.888638927609424,,3.5200012308522237,up,down,down,1.0,-0.0075625972233428,-1.0299509595265093,-1.4911253184786195,-1.1935436921830926,7.421
1.7030000000000003,,,,0.9158427363046969,,0.14157620739707588,0.8904818129230752,,3.558092201872141,up,down,down,1.0,-0.0075625972233428,-1.0299509595265093,-1.4911253184786195,-1.1935436921830926,7.437
1.7190000000000003,,,,0.9183636341644981,,0.16511871346092089,0.8922873773117457,,3.596212360489677,up,down,down,1.0,-0.0075625972233428,-1.0299509595265093,-1.4911253184786195,-1.1935436921830926,7.453
1.734,,,,0.9208230467106465,,0.1715234336332358,0.8939427415980796,,3.6319759661586795,up,down,down,1.0,-0.0075625972233428,-1.0299509595265093,-1.4911253184786195,-1.1935436921830926,7.468
1.75,,,,0.923288251245479,,0.16163788065037799,0.8956690665668547,,3.670150865719657,up,down,down,1.0,-0.0075625972233428,-1.0299509595265093,-1.4911253184786195,-1.1935436921830926,7.484
1.766,,,,0.9253654397714133,,0.13738688009423658,0.8973590523911439,,3.7083530957669786,up,down,down,-1.0,-0.0075625972233428,-1.0299509595265093,-1.4911253184786195,-1.1935436921830926,7.5
1.7809999999999997,,,,0.9274441633868805,,0.14614417158782078,0.8989122447603541,,3.7441920102727937,up,down,down,-1.0,-0.0075625972233428,-1.0299509595265093,-1.4911253184786195,-1.1935436921830926,7.515
1.7969999999999997,,,,0.9294721864263594,,0.1343140371907745,0.9005361293142726,,3.7824456023610487,up,down,down,-1.0,-0.0075625972233428,-1.0299509595265093,-1.4911253184786195,-1.1935436921830926,7.531
1.8120000000000003,,,,0.9314719551230085,,0.1408805103332767,0.9020283126455493,,3.818331715452928,up,down,down,-1.0,-0.0075625972233428,-1.0299509595265093,-1.4911253184786195,-1.1935436921830926,7.546
1.8280000000000003,,,,0.9329229725127669,,0.0982511840832421,0.9035923685768876,,3.856634685998366,up,down,down,-1.0,-0.0075625972233428,-1.0299509595265093,-1.4911253184786195,-1.1935436921830926,7.562
1.8440000000000003,,,,0.9343777008246121,,0.0984831167136766,0.9051331785426127,,3.89496249547098,up,down,down,-1.0,-0.0075625972233428,-1.0299509595265093,-1.4911253184786195,-1.1935436921830926,7.578
1.859,0.2290635,-0.4086846,9.8524773,0.9374783349809181,2.0,0.21427154097708148,0.9065435226669687,1.0,3.9309169505072306,up,down,down,1.0,-0.0075625972233428,-1.0299509595265093,-1.4911253184786195,-1.1935436921830926,7.593
1.875,0.2080701,-0.4086846,9.8644455,0.9407835895170287,2.0,0.21414100573025038,0.9079966426234092,1.0,3.9692912769252113,up,down,down,-1.0,-0.0075625972233428,-1.0299509595265093,-1.4911253184786195,-1.1935436921830926,7.609
1.891,0.1631403,-0.3876912,9.7312257,0.9407207080400966,2.0,0.0,0.9094238235953764,1.0,4.007688645750619,up,down,down,1.0,-0.0075625972233428,-1.0299509595265093,-1.4911253184786195,-1.1935436921830926,7.625
1.9059999999999997,0.1841336999999999,-0.4371336,9.8464932,0.9435276472637248,2.0,0.1946918787985661,0.9107412253234954,1.0,4.04370676339469,up,down,down,1.0,-0.0075625972233428,-1.0299509595265093,-1.4911253184786195,-1.1935436921830926,7.64
1.9219999999999997,0.1841336999999999,-0.4371336,9.8464932,0.9462661245550699,2.0,0.1787174279324064,0.9121020905013693,1.0,4.0821475150169455,up,down,down,1.0,-0.0075625972233428,-1.0299509595265093,-1.4911253184786195,-1.1935436921830926,7.656
1.9370000000000003,0.1601973,-0.4371336,9.7732125,0.947142288672767,2.0,0.06597353840314629,0.9133507917950581,1.0,4.11820529141135,up,down,down,1.0,-0.0075625972233428,-1.0299509595265093,-1.4911253184786195,-1.1935436921830926,7.671
1.9530000000000003,0.1781496,-0.3936753,9.7732125,0.9479596488865827,2.0,0.058647610586826,0.9146691916470073,1.0,4.156687456374543,up,down,down,1.0,-0.0075625972233428,-1.0299509595265093,-1.4911253184786195,-1.1935436921830926,7.687
1.9690000000000003,0.1781496,-0.404172,9.854046900000002,0.9507370899755863,2.0,0.181152665286066,0.9159588330885342,1.0,4.1951904856680855,up,down,down,1.0,-0.0075625972233428,-1.0299509595265093,-1.4911253184786195,-1.1935436921830926,7.703
1.984,0.1721655,-0.404172,9.8794548,0.9540632883585847,2.0,0.2293091560899084,0.9171220946439254,1.0,4.231305472403259,up,down,down,1.0,-0.0075625972233428,-1.0299509595265093,-1.4911253184786195,-1.1935436921830926,7.718
2.0,0.1346912999999999,-0.4565574,9.8794548,0.9573497792402357,2.0,0.2129682773265304,0.9183100054555589,1.0,4.2698469342997125,up,down,down,1.0,-0.0075625972233428,-1.0299509595265093,-1.4911253184786195,-1.1935436921830926,7.734
2.016,0.1346912999999999,-0.3607136999999999,9.8076456,0.9587094087005354,2.0,0.09253943849207841,0.9194607473044567,1.0,4.30840710541745,up,down,down,1.0,-0.0075625972233428,-1.0299509595265093,-1.4911253184786195,-1.1935436921830926,7.75
2.0309999999999997,0.1841336999999999,-0.4190832,9.8136297,0.9602577979389277,2.0,0.1107885464494976,0.9205177576475585,1.0,4.344573823981769,up,down,down,1.0,-0.0075625972233428,-1.0299509595265093,-1.4911253184786195,-1.1935436921830926,7.765
2.0469999999999997,0.1826622,-0.4190832,9.783611100000002,0.9610363861870646,2.0,0.0562243627318935,0.9216266195269747,1.0,4.383168984094823,up,down,down,1.0,-0.0075625972233428,-1.0299509595265093,-1.4911253184786195,-1.1935436921830926,7.781
2.0620000000000003,0.1841336999999999,-0.375723,9.783611100000002,0.9617537420599209,2.0,0.0553863220804325,0.9226549579580199,1.0,4.419367975703141,up,down,down,-1.0,-0.0075625972233428,-1.0299509595265093,-1.4911253184786195,-1.1935436921830926,7.796
2.0780000000000003,0.1841336999999999,-0.3547296,9.8524773,0.9641127770983805,2.0,0.1550022871270593,0.9237272411571775,1.0,4.457997038391721,up,down,down,-1.0,-0.0075625972233428,-1.0299509595265093,-1.4911253184786195,-1.1935436921830926,7.812
2.0940000000000003,0.1990449,-0.3547296,9.8180442,0.9655822265845249,2.0,0.099403190107372,0.9247688964801386,1.0,4.496643012588478,up,down,down,-1.0,-0.0075625972233428,-1.0299509595265093,-1.4911253184786195,-1.1935436921830926,7.828
2.109,0.1586277,-0.3831786,9.8180442,0.9670239479714215,2.0,0.1036773563497907,0.9257236145638668,1.0,4.532888586198487,up,down,down,-1.0,-0.0075625972233428,-1.0299509595265093,-1.4911253184786195,-1.1935436921830926,7.843
2.125,0.1586277,-0.3967163999999999,9.8390376,0.9689551587202789,2.0,0.128263269026929,0.9267149970627575,1.0,4.571566100187157,up,down,down,-1.0,-0.0075625972233428,-1.0299509595265093,-1.4911253184786195,-1.1935436921830926,7.859
2.141,0.1930608,-0.3967163999999999,9.845021700000002,0.9710000689517618,2.0,0.1353694866910169,0.9276745705938054,1.0,4.610259221824068,up,down,down,1.0,-0.0075625972233428,-1.0299509595265093,-1.4911253184786195,-1.1935436921830926,7.875
2.1559999999999997,0.2439747,-0.4176117,9.845021700000002,0.9730436898168779,2.0,0.143803988231094,0.9285435067959382,1.0,4.64654773718167,up,down,down,1.0,-0.0075625972233428,-1.0299509595265093,-1.4911253184786195,-1.1935436921830926,7.89
